model,accuracy,precision,recall,f1,auc
LogisticRegression,0.5748307845580664,0.06939419647336781,0.6109268465053526,0.1246316810417211,0.636429006680544
