model,accuracy,precision,recall,f1,auc
LogisticRegression,0.6048578717607159,0.0665866245515978,0.6343593854873593,0.12052240722472048,0.6662777984157361
