subreddit,avg_sentiment,total_posts
AI_Agents,0.08738757610621632,1812
AIethics,0.08683893252872163,51
futurescience,0.0829998509125617,7
Entrepreneur,0.06802642314307884,805874
robotics,0.06694475635614688,50743
ComputerEngineering,0.06394431452842358,16820
MaterialsScience,0.0637051965231826,2650
bigdata,0.060313215617124875,2081
learnjava,0.059952032292248714,26209
deeplearning,0.05879564600014754,31897
ArtificialInteligence,0.056110728788221674,216793
Python,0.054955689448560184,117280
Astronomy,0.052067337807310446,121056
QuantumComputing,0.051486144489179916,12643
MechanicalEngineering,0.05148274020097233,152199
learnprogramming,0.05135902897955651,489549
MLQuestions,0.04952839889819097,10690
EnvironmentalScience,0.04908728355034532,10
datascience,0.04813003827966318,216275
webdev,0.04781606007314176,565090
EarthScience,0.0458217204123121,1158
QuantumPhysics,0.044943071676607944,13250
ElectricalEngineering,0.04348069648387601,235250
MachineLearning,0.041046152804588246,177111
Physics,0.040947020997003904,180239
OpenAI,0.03899186305356317,337393
Futurism,0.03757590188424065,7990
computerscience,0.037192825252783675,37911
cscareerquestions,0.036990048864844735,941131
coding,0.035727157213090444,8987
ChatGPT,0.03528080235956989,1840773
spaceflight,0.03379573711083552,9995
tech,0.033214327947259356,80194
gadgets,0.030766990847547235,319184
Futurology,0.03027397790658935,822614
Innovation,0.02991990611849415,5369
programming,0.02889450027420747,350676
learnpython,0.02849727189724532,234524
physicsmemes,0.025727757814293657,65678
genai,0.025535106491710424,270
technews,0.023117982179323184,218851
science,0.023040919578555415,806884
technology,0.022097612324815608,3095643
DataScienceMemes,0.011423515568337036,129
TechEntrepreneur,-0.03222454963485545,3
LLM,-0.034797685115978944,425
