model,accuracy,precision,recall,f1,auc
LogisticRegression,0.504719968934066,0.22270344453621677,0.7064255363479796,0.33864706298004865,0.6257447443901286
