,technology,ChatGPT,science,MachineLearning,robotics,technews,Futurology,ArtificialInteligence,OpenAI
technology,1.0,0.08149948949752679,0.13364164571543888,0.008855726430487999,0.004393701749740289,0.0892564966552365,0.1144090903651634,0.01800234513308247,0.028784521306439822
ChatGPT,0.08149948949752679,1.0,0.052887266144283386,0.016110749001048544,0.004947376774359941,0.02876624665255966,0.06077486257200512,0.03749418064676117,0.07134044220096547
science,0.13364164571543888,0.052887266144283386,1.0,0.009354797930261855,0.004914602695732568,0.05255164399206556,0.13904712019031407,0.016103320297905198,0.0238282304017269
MachineLearning,0.008855726430487999,0.016110749001048544,0.009354797930261855,1.0,0.015433153145911621,0.007632578262265969,0.013512466715081094,0.04590225741081107,0.04320975031185456
robotics,0.004393701749740289,0.004947376774359941,0.004914602695732568,0.015433153145911621,1.0,0.006310781328961803,0.007582259589891049,0.013240717192268566,0.012079072579585185
technews,0.0892564966552365,0.02876624665255966,0.05255164399206556,0.007632578262265969,0.006310781328961803,1.0,0.05678297214030492,0.01794159852595291,0.02514745060597194
Futurology,0.1144090903651634,0.06077486257200512,0.13904712019031407,0.013512466715081094,0.007582259589891049,0.05678297214030492,1.0,0.032306693260355304,0.03936900286055563
ArtificialInteligence,0.01800234513308247,0.03749418064676117,0.016103320297905198,0.04590225741081107,0.013240717192268566,0.01794159852595291,0.032306693260355304,1.0,0.07713877127555169
OpenAI,0.028784521306439822,0.07134044220096547,0.0238282304017269,0.04320975031185456,0.012079072579585185,0.02514745060597194,0.03936900286055563,0.07713877127555169,1.0
